Channel,Cost,Revenue,Impressions,Clicks,Conversions,ROI
Facebook,10000,25000,100000,5000,400,150.0
Instagram,15000,32000,150000,7000,650,113.33333333333333
Google Ads,20000,50000,200000,9000,950,150.0
Email,5000,12000,60000,3000,250,140.0
YouTube,18000,35000,180000,8000,700,94.44444444444444
